{
  "0.1%": {
    "$100": {
      "bull": {
        "final": 100.0,
        "return": 0.0,
        "trades": 0,
        "win_rate": 0
      },
      "bear": {
        "final": 99.33275146076582,
        "return": -0.6672485392341798,
        "trades": 3,
        "win_rate": 33.33333333333333
      },
      "sideways": {
        "final": 100.0,
        "return": 0.0,
        "trades": 0,
        "win_rate": 0
      },
      "volatile": {
        "final": 99.99000287418124,
        "return": -0.009997125818756558,
        "trades": 1,
        "win_rate": 100.0
      }
    },
    "$1000": {
      "bull": {
        "final": 1000.0,
        "return": 0.0,
        "trades": 0,
        "win_rate": 0
      },
      "bear": {
        "final": 997.4005557164352,
        "return": -0.2599444283564822,
        "trades": 3,
        "win_rate": 33.33333333333333
      },
      "sideways": {
        "final": 1000.0,
        "return": 0.0,
        "trades": 0,
        "win_rate": 0
      },
      "volatile": {
        "final": 1015.0493038280072,
        "return": 1.5049303828007168,
        "trades": 1,
        "win_rate": 100.0
      }
    },
    "$10000": {
      "bull": {
        "final": 10000.0,
        "return": 0.0,
        "trades": 0,
        "win_rate": 0
      },
      "bear": {
        "final": 9868.165719232666,
        "return": -1.3183428076733434,
        "trades": 3,
        "win_rate": 0.0
      },
      "sideways": {
        "final": 10000.0,
        "return": 0.0,
        "trades": 0,
        "win_rate": 0
      },
      "volatile": {
        "final": 10000.0,
        "return": 0.0,
        "trades": 0,
        "win_rate": 0
      }
    }
  },
  "0.5%": {
    "$100": {
      "bull": {
        "final": 100.0,
        "return": 0.0,
        "trades": 0,
        "win_rate": 0
      },
      "bear": {
        "final": 98.07572259717689,
        "return": -1.9242774028231082,
        "trades": 3,
        "win_rate": 33.33333333333333
      },
      "sideways": {
        "final": 100.0,
        "return": 0.0,
        "trades": 0,
        "win_rate": 0
      },
      "volatile": {
        "final": 111.46679540696562,
        "return": 11.466795406965616,
        "trades": 2,
        "win_rate": 50.0
      }
    },
    "$1000": {
      "bull": {
        "final": 1000.0,
        "return": 0.0,
        "trades": 0,
        "win_rate": 0
      },
      "bear": {
        "final": 943.1448045905875,
        "return": -5.685519540941255,
        "trades": 3,
        "win_rate": 0.0
      },
      "sideways": {
        "final": 1000.0,
        "return": 0.0,
        "trades": 0,
        "win_rate": 0
      },
      "volatile": {
        "final": 996.2947965597616,
        "return": -0.37052034402383927,
        "trades": 2,
        "win_rate": 50.0
      }
    },
    "$10000": {
      "bull": {
        "final": 10000.0,
        "return": 0.0,
        "trades": 0,
        "win_rate": 0
      },
      "bear": {
        "final": 9771.186315128642,
        "return": -2.288136848713584,
        "trades": 3,
        "win_rate": 33.33333333333333
      },
      "sideways": {
        "final": 10000.0,
        "return": 0.0,
        "trades": 0,
        "win_rate": 0
      },
      "volatile": {
        "final": 11065.493237899016,
        "return": 10.65493237899016,
        "trades": 1,
        "win_rate": 100.0
      }
    }
  },
  "1.0%": {
    "$100": {
      "bull": {
        "final": 100.0,
        "return": 0.0,
        "trades": 0,
        "win_rate": 0
      },
      "bear": {
        "final": 92.1061481735768,
        "return": -7.893851826423201,
        "trades": 3,
        "win_rate": 33.33333333333333
      },
      "sideways": {
        "final": 100.0,
        "return": 0.0,
        "trades": 0,
        "win_rate": 0
      },
      "volatile": {
        "final": 100.0,
        "return": 0.0,
        "trades": 0,
        "win_rate": 0
      }
    },
    "$1000": {
      "bull": {
        "final": 1000.0,
        "return": 0.0,
        "trades": 0,
        "win_rate": 0
      },
      "bear": {
        "final": 869.1116846012532,
        "return": -13.088831539874684,
        "trades": 3,
        "win_rate": 0.0
      },
      "sideways": {
        "final": 1000.0,
        "return": 0.0,
        "trades": 0,
        "win_rate": 0
      },
      "volatile": {
        "final": 1161.4776189699032,
        "return": 16.147761896990325,
        "trades": 2,
        "win_rate": 50.0
      }
    },
    "$10000": {
      "bull": {
        "final": 10000.0,
        "return": 0.0,
        "trades": 0,
        "win_rate": 0
      },
      "bear": {
        "final": 8831.195029006649,
        "return": -11.68804970993351,
        "trades": 3,
        "win_rate": 0.0
      },
      "sideways": {
        "final": 10000.0,
        "return": 0.0,
        "trades": 0,
        "win_rate": 0
      },
      "volatile": {
        "final": 10761.37968605843,
        "return": 7.613796860584297,
        "trades": 1,
        "win_rate": 100.0
      }
    }
  },
  "2.0%": {
    "$100": {
      "bull": {
        "final": 100.0,
        "return": 0.0,
        "trades": 0,
        "win_rate": 0
      },
      "bear": {
        "final": 84.94277366501207,
        "return": -15.05722633498793,
        "trades": 3,
        "win_rate": 33.33333333333333
      },
      "sideways": {
        "final": 100.0,
        "return": 0.0,
        "trades": 0,
        "win_rate": 0
      },
      "volatile": {
        "final": 74.87633934803924,
        "return": -25.123660651960762,
        "trades": 3,
        "win_rate": 0.0
      }
    },
    "$1000": {
      "bull": {
        "final": 1000.0,
        "return": 0.0,
        "trades": 0,
        "win_rate": 0
      },
      "bear": {
        "final": 767.2801896656414,
        "return": -23.271981033435864,
        "trades": 3,
        "win_rate": 0.0
      },
      "sideways": {
        "final": 1000.0,
        "return": 0.0,
        "trades": 0,
        "win_rate": 0
      },
      "volatile": {
        "final": 1000.0,
        "return": 0.0,
        "trades": 0,
        "win_rate": 0
      }
    },
    "$10000": {
      "bull": {
        "final": 10000.0,
        "return": 0.0,
        "trades": 0,
        "win_rate": 0
      },
      "bear": {
        "final": 8758.616767094632,
        "return": -12.413832329053676,
        "trades": 3,
        "win_rate": 33.33333333333333
      },
      "sideways": {
        "final": 10000.0,
        "return": 0.0,
        "trades": 0,
        "win_rate": 0
      },
      "volatile": {
        "final": 10192.44844066957,
        "return": 1.9244844066957014,
        "trades": 1,
        "win_rate": 100.0
      }
    }
  },
  "3.0%": {
    "$100": {
      "bull": {
        "final": 100.0,
        "return": 0.0,
        "trades": 0,
        "win_rate": 0
      },
      "bear": {
        "final": 62.573823716717,
        "return": -37.426176283283,
        "trades": 3,
        "win_rate": 0.0
      },
      "sideways": {
        "final": 100.0,
        "return": 0.0,
        "trades": 0,
        "win_rate": 0
      },
      "volatile": {
        "final": 120.07310200077531,
        "return": 20.073102000775307,
        "trades": 1,
        "win_rate": 100.0
      }
    },
    "$1000": {
      "bull": {
        "final": 1000.0,
        "return": 0.0,
        "trades": 0,
        "win_rate": 0
      },
      "bear": {
        "final": 715.6579319470947,
        "return": -28.434206805290536,
        "trades": 3,
        "win_rate": 33.33333333333333
      },
      "sideways": {
        "final": 1000.0,
        "return": 0.0,
        "trades": 0,
        "win_rate": 0
      },
      "volatile": {
        "final": 1000.0,
        "return": 0.0,
        "trades": 0,
        "win_rate": 0
      }
    },
    "$10000": {
      "bull": {
        "final": 10000.0,
        "return": 0.0,
        "trades": 0,
        "win_rate": 0
      },
      "bear": {
        "final": 8625.852250391665,